<?xml version="1.0" encoding="UTF-8" standalone="yes"?>
<addon id="repository.ghostaddon" name="[B][COLOR red]Ghost[/COLOR] Repo[/B]" version="4.0.0." provider-name="Equipe [COLOR red]Ghost[/COLOR]Addon">
    <extension point="xbmc.addon.repository" name="[B][COLOR red]Ghost[/COLOR] Repo[/B]">
        <dir>
            <info compressed="false">https://raw.githubusercontent.com/ghostaddon/repo/master/repo/zips/addons.xml</info>
            <checksum>https://raw.githubusercontent.com/ghostaddon/repo/master/repo/zips/addons.xml.md5</checksum>
            <datadir zip="true">https://raw.githubusercontent.com/ghostaddon/repo/master/repo/zips/</datadir>
        </dir>
		
		<dir>
    		<info compressed="false">https://github.com/Gujal00/smrzips/raw/master/addons.xml</info>
    		<checksum>https://github.com/Gujal00/smrzips/raw/master/addons.xml.md5</checksum>
    		<datadir zip="true">https://github.com/Gujal00/smrzips/raw/master/zips</datadir>
			<hashes>false</hashes>
		</dir>
    </extension>
    <extension point="xbmc.addon.metadata">
        <summary>GhostRepo</summary>
        <description lang="pt_br">Agregador de Addons, Assim como google e outros meios de navegação.</description>
        <disclaimer></disclaimer>
        <platform>all</platform>
        <assets>
            <icon>icon.png</icon>
            <fanart>fanart.jpg</fanart>
        </assets>
    </extension>
</addon>