<?xml version="1.0" encoding="UTF-8" standalone="yes"?>
<addon id="repository.ghostaddon" name="GhostRepo" version="4.0.0." provider-name="Nickolas">
    <extension point="xbmc.addon.repository" name="GhostRepo">
        <dir>
            <info compressed="false">https://raw.githubusercontent.com/ghostaddon/repo/master/repo/zips/addons.xml</info>
            <checksum>https://raw.githubusercontent.com/ghostaddon/repo/master/repo/zips/addons.xml.md5</checksum>
            <datadir zip="true">https://raw.githubusercontent.com/ghostaddon/repo/master/repo/zips/</datadir>
        </dir>
    </extension>
    <extension point="xbmc.addon.metadata">
        <summary>GhostRepo</summary>
        <description>GhostRepo Addons De Filmes e Séries.</description>
        <disclaimer></disclaimer>
        <platform>all</platform>
        <assets>
            <icon>icon.png</icon>
            <fanart>fanart.jpg</fanart>
        </assets>
    </extension>
</addon>